USE QLSVNhom;
GO

BEGIN TRANSACTION;
BEGIN TRY

    /* -------------------------------------------------------------
       1. KHỞI TẠO NHÂN VIÊN (NHANVIEN)
       ------------------------------------------------------------- */
    INSERT INTO NHANVIEN (MANV, HOTEN, EMAIL, LUONG, TENDN, MATKHAU, PUBKEY)
    VALUES (
        'ADMIN',
        N'Quản trị viên',
        'admin@fit.hcmus.vn',
        NULL,
        'admin',
        0x70324EA85824EAEDA7C9A39650C3E9A56744F991,
        ''
    );

    INSERT INTO NHANVIEN (MANV, HOTEN, EMAIL, LUONG, TENDN, MATKHAU, PUBKEY)
    VALUES (
        'NV01',
        N'Nguyễn Văn A',
        'nva@fit.hcmus.vn',
        0x1F5A0A9B8CF8FDFEAC628417B7E9BA1D1C837CACB6F921832B733F161C6DBB7F692EF8331201451BE7804D6080BF3425DA9B929A286528B4753609C81D64E38F2E6092A0D425C0281F36F878D57057152DE2E4BBAE9E75BCA8613EAED39FA433790478FB7955198751AC38F867802DED0811FAFC582612A0C7EF8AE01CCDDBDAD4B08ECC66E012B3292296B992F010540D61215FCFA2BD117E74EF92C387EDFE04B3B3F7F680166765EBB1DF3CB4A8BD1B575444F0592EABF05EB6D86E69816884B465C8132B10901A176BD4DED7D2ACA0DE3883A3BA53361D64BDA919CBA3068073FC6A3830A28589547EACD832E7ABB93253CB7ED307165AEA6CC14FE05A91,
        'nva',
        0xE735C29DA7F074259C3E2C0EAFDC499E96CA4BA2,
        '<RSAKeyValue><Modulus>kps0ewR/iMYUXZrRSVrFBYI6DCuIXcwtX4IdH+wFi01cAR4P77bpaY/XhsGOWWaHjig9p5DYP2TUBdAnoexk6l5dOsw4N0txoxlbTZw9ln/i03JIGjFCVO3PUQT94XzAKXXSQAtlGr4gWBm+P2C8mSipvYFVZMEPTcqCA/3A61uzkGzNDlo0zv16mxrsLDwe277b7Uvna1JPsSzuZsZj7jlxbJTyx4IJDXvv/2ob71+oN8aVRCnhk5H+mAKvi38s3EOumY5023DjqcuQbI2eyoztyVVGEnOPWriUd447isJ+nMWNiA2vPXoBS2x1Dh7gvUIAlXzw66hwW4XDlSvKuQ==</Modulus><Exponent>AQAB</Exponent></RSAKeyValue>'
    );

    INSERT INTO NHANVIEN (MANV, HOTEN, EMAIL, LUONG, TENDN, MATKHAU, PUBKEY)
    VALUES (
        'NV02',
        N'Trần Thị B',
        'ttb@fit.hcmus.vn',
        0x62E66BD70791FF38BE9CFA27009CA45B3B4BDE34CD526929A1A6D047E2C74D2AAB052F7EA30C152B5B4055182711D3C0A63AC388061C8A2AA941B83C2AC77F1A7F7BA4157F4356AB9BF1A4BAACA9EDEB0A2ABB252A42F0BAE2601EDBE17745A6D6A252113EE91E14DFA03DFABA8575A4AF3ED78562EEE698826EBDD4338445722EC9463BB50A0353833D8330AC82BB62389A768BBA497B661B084CF6DC54421B0ED962973A7741F4A13CC5F0CCEBA8E2480CF144F31C9A93DA8C263AED21023FE4D7CBEFF7E8781E38F64A8DF4B5096C5469A1C53A3B28FF8C1432259940012AFD1FCA7D020D93EE5A128D185BEE7D6117386419B4EF8082ABECC5ACB5CC30D9,
        'ttb',
        0xA7C2D348B4D6646DEBC8ECDD67EABB582AEAAB2D,
        '<RSAKeyValue><Modulus>ZtOxVaT6i1YVvEP6fA9UPpQKdmpQI9fxlSoqrvnLzLWiygWnQjkaNDSlzOQWpSbQiPnnwp2AkGO7nLu94uvEQ8bD+UWS13IGLoXyrVkiSLYQ5za5ZlEtdkEmZuIM8hrBPF3h7YXSDAMhRQEY08Udob4+9DKh7ZsTNsRZtwkEOMrIVYwGeYkw+ECTAvUrWIjMY04mmEVkjY/W1ethGVTzWjmTLcSF3B/83lB5L/DerhZjpm4FfXLmWnF5n6c8C1lD25unt/D7O49zHVQ2o0Z3nCBK26B79nvQ6Oo4fMbC413rwmNv6UZ78jPOtsg5jlX9Sb/p9vlc3Ck95QCVfFs8gw==</Modulus><Exponent>AQAB</Exponent></RSAKeyValue>'
    );

    /* -------------------------------------------------------------
       2. KHỞI TẠO LỚP HỌC (LOP)
       ------------------------------------------------------------- */
    INSERT INTO LOP (MALOP, TENLOP, MANV)
    VALUES
        ('CQ2019/1', N'Chính quy 2019 Lớp 1', 'NV01'),
        ('CQ2019/2', N'Chính quy 2019 Lớp 2', 'NV02'),
        ('CQ2020/1', N'Chính quy 2020 Lớp 1', 'NV01'),
        ('CQ2020/2', N'Chính quy 2020 Lớp 2', 'NV02'),
        ('CQ2021/1', N'Chính quy 2021 Lớp 1', 'NV01'),
        ('CQ2021/2', N'Chính quy 2021 Lớp 2', 'NV02'),
        ('CQ2022/1', N'Chính quy 2022 Lớp 1', 'NV01'),
        ('CQ2022/2', N'Chính quy 2022 Lớp 2', 'NV02');

    /* -------------------------------------------------------------
       3. KHỞI TẠO HỌC PHẦN (HOCPHAN)
       ------------------------------------------------------------- */
    INSERT INTO HOCPHAN (MAHP, TENHP, SOTC)
    VALUES
        ('CSDL', N'Cơ sở dữ liệu', 4),
        ('BMCSDL', N'Bảo mật cơ sở dữ liệu', 4),
        ('MANG', N'Mạng máy tính', 3);

    /* -------------------------------------------------------------
       4. KHỞI TẠO SINH VIÊN (SINHVIEN) - Đủ 100 sinh viên
       ------------------------------------------------------------- */
    -- A. Nạp 36 sinh viên đặc thù ban đầu (không dùng single quote cho varbinary literal)
    INSERT INTO SINHVIEN (MASV, HOTEN, NGAYSINH, DIACHI, MALOP, TENDN, MATKHAU)
    VALUES
        (N'SV01', N'Lê Văn C', '20010512', N'Quận 1', 'CQ2019/1', 'lvc', 0x86EDC8CDAB93299F2D2BCAACB529EA0D064F1940),
        (N'SV02', N'Phạm Thị D', '20010822', N'Quận 3', 'CQ2019/1', 'ptd', 0x3D3DC78C3DDEFCAC6988D65EF0598DDF7E25E847),
        (N'SV03', N'Vũ Hoàng E', '20011105', N'Quận 5', 'CQ2019/2', 'vhe', 0xD5911EC19453ECC3A18F3FEA9D3D66D5A0295AC3),
        (N'SV04', N'Hoàng Kim F', '20020301', N'Quận 7', 'CQ2019/2', 'hkf', 0x2B79579DB799C83993DFEF1FF289D5FD06C955E2),
        (N'SV05', N'Lê Thị Thu Hương', '20010315', N'Quận Bình Thạnh', 'CQ2019/1', 'sv05', 0xBE7166E39948493004170469DD2AD065FBF1F484),
        (N'SV06', N'Nguyễn Minh Quân', '20010722', N'Quận 1', 'CQ2019/1', 'sv06', 0x4D4578AB717F0D918F92D35A18A11BB34DD2DE87),
        (N'SV07', N'Trần Thị Phương Lan', '20011108', N'Quận 3', 'CQ2019/1', 'sv07', 0x62FB4543595736A6A9BE9BBFCE3FE273DDD7336E),
        (N'SV08', N'Phạm Đức Hùng', '20010214', N'Quận 5', 'CQ2019/1', 'sv08', 0x189A2E34DF76389947B75F76C6FFB02E9BC8CE5A),
        (N'SV09', N'Hoàng Thị Bích Ngọc', '20010930', N'Quận 7', 'CQ2019/1', 'sv09', 0x4E17538C961388434F841869F423203A38D6EEA2),
        (N'SV10', N'Vũ Hoàng Long', '20010425', N'Quận 10', 'CQ2019/1', 'sv10', 0x944274D5D249FFB672D69DEFE165B0BAA4201A80),
        (N'SV11', N'Đỗ Thị Hương Mai', '20010817', N'Quận Phú Nhuận', 'CQ2019/1', 'sv11', 0xFC5B40BC94C1F87B36702F3F0FA2AA76D4C74840),
        (N'SV12', N'Đặng Văn Nam', '20011205', N'Quận Gò Vấp', 'CQ2019/1', 'sv12', 0x74AFC63751D3BCB881AA67C42A434DCD630D058A),
        (N'SV13', N'Bùi Thị Thúy', '20010619', N'Quận Tân Bình', 'CQ2019/1', 'sv13', 0x8868502CF64723D8FCC7B6697419D61833CDCAFF),
        (N'SV14', N'Ngô Văn Tuấn', '20010128', N'Quận Bình Thạnh', 'CQ2019/1', 'sv14', 0xB24FA5981BFC49413A99864E0A49DB87FBB48478),
        (N'SV15', N'Dương Thị Linh', '20011012', N'Quận 2', 'CQ2019/1', 'sv15', 0xD0ACF92A54BEDD4D2B51CD465FBEDD8A03E0F167),
        (N'SV16', N'Lý Văn Đức', '20010507', N'Quận 4', 'CQ2019/1', 'sv16', 0x9DBAA305E1FF2746D6503B1DCF34BFE385AA4BA9),
        (N'SV17', N'Hà Thị Phương', '20010323', N'Quận 6', 'CQ2019/1', 'sv17', 0x927E8B5DD4D72097EE9812F233EF187E50B06CDD),
        (N'SV18', N'Cao Văn Trung', '20010711', N'Quận 8', 'CQ2019/1', 'sv18', 0x987377EE6EE5FAE09D9C2BF26C6981B2A2AE161C),
        (N'SV19', N'Đinh Thị Mai', '20010904', N'Quận 11', 'CQ2019/1', 'sv19', 0x1DDECEFE4834E5FC48B5FD11200C6F18B7A418EE),
        (N'SV20', N'Võ Minh An', '20011116', N'Quận 12', 'CQ2019/1', 'sv20', 0xD47B63DF086A66481725DA1952D8C443B4E2EE84),
        ('SV21', N'Lưu Thị Khánh', '20010218', N'Quận 9', 'CQ2019/2', 'sv21', 0xB6DF2DC0CF7A5659B24CB15051C0560111836507),
        ('SV22', N'Đào Văn Phúc', '20010614', N'Quận Tân Phú', 'CQ2019/2', 'sv22', 0x3C9604C6792DEECED415D3432C1D0C43362A76C9),
        ('SV23', N'Trịnh Thị Yến', '20010826', N'Quận Bình Tân', 'CQ2019/2', 'sv23', 0xC43200ACD6140458BE35147445320D936B9F7255),
        ('SV24', N'Lâm Quốc Bảo', '20011130', N'Quận 12', 'CQ2019/2', 'sv24', 0x7445F28F72211FCBCD8CE0757B3B35C3AC2DE2DF),
        ('SV25', N'Nguyễn Thị Thu', '20010405', N'Quận Bình Thạnh', 'CQ2019/2', 'sv25', 0x587138D2B632C2BB26054A06E8B4BBE5E9D2025F),
        ('SV26', N'Trần Văn Hải', '20010917', N'Quận 1', 'CQ2019/2', 'sv26', 0x880E7829370374475DFF7ADB7B037854B8A49695),
        ('SV27', N'Lê Thị Ngọc Anh', '20011022', N'Quận 3', 'CQ2019/2', 'sv27', 0x41D7C757B70D21A5A36C8CF991A157D7EBA24853),
        ('SV28', N'Phạm Thanh Sơn', '20010309', N'Quận 5', 'CQ2019/2', 'sv28', 0x22CE76F3F277A153C7EB5BD81ACB576B4C503F3A),
        ('SV29', N'Hoàng Thị Trang', '20010712', N'Quận 7', 'CQ2019/2', 'sv29', 0xC5D8337B322A5DE6177359A0FE241540D6BD0713),
        ('SV30', N'Vũ Văn Cường', '20011215', N'Quận 10', 'CQ2019/2', 'sv30', 0xC996B890F0E86EBEE189B347803D9116196C0A19),
        ('SV31', N'Đỗ Minh Tuấn', '20010508', N'Quận Phú Nhuận', 'CQ2019/2', 'sv31', 0xA1767031CE406027872F49862030E14B0F86F371),
        ('SV32', N'Đặng Thị Hoa', '20010820', N'Quận Gò Vấp', 'CQ2019/2', 'sv32', 0xCA39B57D26CE13F76C879E0CAE98776A17134A52),
        ('SV33', N'Bùi Quang Huy', '20011104', N'Quận Tân Bình', 'CQ2019/2', 'sv33', 0xA44DC4990DEAEE38472E195BF73ED633A548E9D2),
        ('SV34', N'Ngô Thị Thảo', '20010126', N'Quận Bình Thạnh', 'CQ2019/2', 'sv34', 0x525C33B10CC159CAEB61D66833293EA9DD5BB302),
        ('SV35', N'Dương Văn Khoa', '20010630', N'Quận 2', 'CQ2019/2', 'sv35', 0x1595A7724289058A10EB754004F66366CF88914D),
        ('SV36', N'Lý Thị Mỹ Duyên', '20011008', N'Quận 4', 'CQ2019/2', 'sv36', 0x1F40A27C831CDF7E356C3AFBB7F786CAF2E6866B);

    -- B. Vòng lặp nạp tiếp 64 sinh viên từ SV37 đến SV100 để đạt tổng số 100 sinh viên
    DECLARE @i INT = 37;
    DECLARE @Masv VARCHAR(20);
    DECLARE @Hoten NVARCHAR(100);
    DECLARE @Malop VARCHAR(20);
    DECLARE @Tendn VARCHAR(100);
    DECLARE @MkRaw VARCHAR(100);
    
    WHILE @i <= 100
    BEGIN
        SET @Masv = 'SV' + CAST(@i AS VARCHAR);
        SET @Hoten = N'Sinh viên mẫu ' + CAST(@i AS VARCHAR);
        SET @Tendn = 'sv' + CAST(@i AS VARCHAR);
        SET @MkRaw = @Tendn + '|sv123';
        
        -- Phân bổ xoay vòng đều cho 8 lớp học CQ2019/1 đến CQ2022/2
        SET @Malop = CASE (@i % 8)
            WHEN 0 THEN 'CQ2019/1'
            WHEN 1 THEN 'CQ2019/2'
            WHEN 2 THEN 'CQ2020/1'
            WHEN 3 THEN 'CQ2020/2'
            WHEN 4 THEN 'CQ2021/1'
            WHEN 5 THEN 'CQ2021/2'
            WHEN 6 THEN 'CQ2022/1'
            ELSE 'CQ2022/2'
        END;
        
        INSERT INTO SINHVIEN (MASV, HOTEN, NGAYSINH, DIACHI, MALOP, TENDN, MATKHAU)
        VALUES (
            @Masv,
            @Hoten,
            DATEADD(day, -@i * 12, '2001-05-15'),
            N'Địa chỉ mẫu ' + CAST(@i AS VARCHAR),
            @Malop,
            @Tendn,
            HASHBYTES('SHA1', @MkRaw)
        );
        
        SET @i = @i + 1;
    END

    COMMIT TRANSACTION;
    PRINT N'Nạp dữ liệu mẫu thành công!';
END TRY
BEGIN CATCH
    ROLLBACK TRANSACTION;
    DECLARE @ErrorMsg NVARCHAR(4000) = ERROR_MESSAGE();
    RAISERROR(@ErrorMsg, 16, 1);
END CATCH
GO
